/insights.html	/insights/	301
/privacy.html	/privacy/	301
/about.html	/about/	301
/glossary.html	/glossary/	301
/blog/:asset.js	/blog/:asset.js	200
/blog/:slug.html	/insights/:slug/	301
/blog/:slug	/insights/:slug/	301
/privacy-insights.html	/insights/	301
/privacy-insights/	/insights/	301
/privacy-insights/:slug	/insights/:slug/	301

